structure,mean,stdev
6CAX,11.304058345383915,5.974227512127982
