structure,mean,stdev
7MHF,22.101846203201674,11.751089922478585
7MHG,23.57444443962571,10.986187084378134
7MHH,37.65414026612514,9.258757517322227
7MHI,43.51777779144429,15.93447578572936
7MHJ,51.04284328642806,17.328450713176473
7MHK,46.769877447072695,11.250553560109644
