structure,mean,stdev
8fll,0.011343643878604145,0.9824064836775839
8s9f,0.03207565962085236,0.9413168300002039
5t18,0.009341438707594572,0.987170009684348
5p9f,0.005769934957654076,0.9936741377337203
6w07,0.007572115664907659,0.9933596468743697
3ocs,0.006314285535010553,0.9901861924956699
5jrs,0.013714426806721181,0.9808499531484176
5vgo,25.5267308601159,9.27431932682157
6e4f,16.005160714663656,8.842694615577361
5vfi,12.739778690114147,6.3878525505274615
